zipcode,mean,std
11354,26.4620100985813898,0.210474751761081
11411,25.9773584905660377,0.742043500207589
10473,25.9761006289308176,0.720814651763915
11220,25.8632254683610638,0.198698321651786
11362,25.3362235067437380,0.586302837904679
11428,25.2567685589519651,0.471033567755954
11355,24.8148974130240856,0.23591862788777
11691,24.7536355859709153,0.435037666679909
11373,24.4660326086956522,0.224976404520306
11226,24.3397783541617543,0.267068723381818
10026,24.3237410071942446,0.430261324336154
10002,24.2771071907562158,0.17225929535433
11372,24.1705650459921156,0.195231029588207
11419,24.1464552238805970,0.373600824116236
10280,24.0673076923076923,1.29278377711714
11370,24.0570962479608483,0.727649006653304
11230,24.0216919739696312,0.337152435733466
10013,23.8940681678787348,0.150728467319907
11218,23.8080650203188496,0.284929981540549
11693,23.7818574514038877,0.733330382591789
11214,23.7396121883656510,0.266342204258463
10032,23.7310996563573883,0.3556981707263
10029,23.6204803378200053,0.280539454926723
11368,23.5405048671836331,0.20758985129717
10103,23.3627450980392157,2.51023102467881
11436,23.3501742160278746,0.639192724578788
10025,23.3352929649225946,0.214951585602118
10303,23.3095541401273885,0.578395004420521
11416,23.2949117341640706,0.561646927857291
11040,23.2769679300291545,0.80830497347039
11235,23.2543405421870241,0.296297908870754
11216,23.2360734718458296,0.272892177572413
10128,23.1859576968272620,0.270846184001581
11239,23.0178571428571429,1.22992790091606
10018,22.9769000427776986,0.184304568709554
11213,22.9597207303974221,0.379328711779359
11694,22.8719153936545241,0.463837111430607
11208,22.8687332567929583,0.292245230952087
10464,22.8503401360544218,0.55622291564562
11423,22.8488210818307906,0.621633360542807
10016,22.7812601670100857,0.153239069092026
10027,22.7780054644808743,0.293802894261273
11004,22.7577741407528642,0.711229057677523
11422,22.7549019607843137,0.519615503281114
10455,22.7530800821355236,0.404889126520391
11413,22.7261538461538462,0.663105596838132
11104,22.7142857142857143,0.296341421410121
10010,22.6727493917274939,0.228772462341279
11418,22.6680748340374170,0.383591388859263
10021,22.6584788398934596,0.269339553673796
11420,22.5817865429234339,0.394805929428839
10031,22.5521215295966475,0.336020767890317
11221,22.5101369863013699,0.413290841193135
10003,22.4917491749174917,0.127436382141819
10017,22.4251012145748988,0.169274457564781
10036,22.4232513518227804,0.144259363611032
11204,22.4070272404263719,0.302767109486744
11106,22.3989361702127660,0.271552000598461
10451,22.3926423770781747,0.308275819536135
11236,22.3832153690596562,0.366399357616888
11432,22.3726527373710659,0.264078988130587
11222,22.3371380846325167,0.248184447152125
10456,22.3313192346424975,0.34071715835173
10034,22.3201174743024963,0.295331834761233
11414,22.3182674199623352,0.453934144465195
11229,22.2862104897533866,0.277458832778605
10024,22.2819855511535773,0.228182082474307
10119,22.2807017543859649,0.662744099529464
10040,22.2570452604611443,0.496222513663979
10006,22.2556325823223570,0.397782067894294
10453,22.2526421741318571,0.328705053093419
11434,22.2130959218839747,0.365238736958361
10308,22.1940298507462687,0.515528676949799
10310,22.1732817037754114,0.406920330769012
10304,22.1540540540540541,0.390242670288879
11415,22.1487935656836461,0.615825043513714
11232,22.1309811503141614,0.339564840444753
11219,22.1285520974289581,0.308223184093519
10033,22.1134693877551020,0.282563403919174
11102,22.1050469483568075,0.375596291815424
10468,22.1040703052728955,0.381438352747056
11377,22.0608775557087066,0.213347526772018
10037,22.0243161094224924,0.560190906413895
10458,22.0139298151620680,0.241186758575137
10009,21.9977889150943396,0.178218529927584
11385,21.9963731613943180,0.225533224285682
10075,21.9893670886075949,0.368416574856092
10022,21.9878905057494658,0.155646122638539
11358,21.9628293035005413,0.272045116418488
11223,21.9287362954414310,0.274189852555952
10023,21.9177377892030848,0.24074260238482
11201,21.9060928719313812,0.179441607823702
10038,21.8982055464926591,0.267355471800065
11366,21.8617131062951496,0.506715587075449
11101,21.8560848678943155,0.200850397849404
11238,21.7719215315528244,0.228276572003906
11203,21.7134232954545455,0.279370747335627
11205,21.7021416803953871,0.258411921486994
11210,21.6905829596412556,0.38618849804838
11105,21.6878243512974052,0.28216559514579
11367,21.6720604099244876,0.468648822073641
10452,21.6663611365719523,0.314140657542342
10466,21.6195995785036881,0.322227840596769
11206,21.6171335769386927,0.297342635857798
11435,21.6043194784026080,0.278012320325275
10469,21.5815642458100559,0.345878971378062
11233,21.5731462925851703,0.521259134674431
11103,21.5598387503149408,0.238954547629492
10007,21.5591104174795162,0.286212395293574
10475,21.5564625850340136,0.556642432455692
11363,21.5492063492063492,0.715188905376012
10014,21.5263704558568956,0.148723061824215
10470,21.5248618784530387,0.52351641849501
10019,21.4336348081153752,0.129365691619186
11215,21.4158576051779935,0.165184204409677
10005,21.3773740710156895,0.437868794563076
10030,21.3769100169779287,0.645316765830093
11421,21.3721552878179384,0.333701033257935
10011,21.3604105251665029,0.142943528644763
11231,21.3529411764705882,0.272800363888451
10028,21.3484173505275498,0.210320962193727
11371,21.3214285714285714,0.881500484536004
10281,21.3057324840764331,1.44219170193948
11237,21.2873527588344699,0.234858849401299
11364,21.2735590118938701,0.45379161733906
10463,21.2428282828282828,0.284972550775013
10035,21.2397163120567376,0.373491409151465
10454,21.2083333333333333,0.348990440457509
10465,21.1995884773662551,0.364544613481525
11225,21.1746660069272637,0.305091631651978
10012,21.1203053065180519,0.143473915025532
11417,21.1139817629179331,0.389602536506056
10314,21.1045340050377834,0.235252521464962
11211,21.0997010463378176,0.17204494430886
11374,21.0591836734693878,0.312005517017374
10305,21.0340179717586650,0.426109154218756
10461,21.0275962236746550,0.294981459081754
10467,21.0259781911481719,0.263635918401123
10462,21.0212550607287449,0.282389676098895
11378,21.0104287369640788,0.305755501365371
11212,20.9010067114093960,0.328793790113197
10457,20.8732106339468303,0.378089137644107
10001,20.8615580507003125,0.161723916170845
10309,20.8166397415185784,0.354738647119821
11412,20.7955801104972376,0.504497371928584
10459,20.7814070351758794,0.348043675222501
11375,20.7787107927883428,0.194794108904634
10472,20.6589884827240861,0.314541209676431
11426,20.6537815126050420,0.603141571701705
11427,20.6495956873315364,0.861639894409005
11209,20.6437968022667476,0.200897617798829
10312,20.6315789473684211,0.381385118018718
11217,20.6025974025974026,0.204778390098192
11369,20.5919952210274791,0.347626433610482
10301,20.5812837432513497,0.305608952449227
11207,20.4710547184773989,0.250024460099165
10004,20.4377899620413328,0.283761074963198
11249,20.4284168770284890,0.226712175584771
10065,20.4013248688931824,0.203655715814366
11356,20.3348264277715566,0.476087573080464
11360,20.2263056092843327,0.521753705091837
11365,20.2245989304812834,0.398008926267185
10302,20.1210526315789474,0.34966091198037
10474,20.0183098591549296,0.522656134732185
11228,19.9835051546391753,0.392374811505806
11361,19.9583532790809000,0.291057932443991
11429,19.9266409266409266,0.549061945452728
10460,19.9089108910891089,0.461212375201794
11379,19.6969387755102041,0.348738096282825
10471,19.6744186046511628,0.481392049030976
11430,19.5858475041140976,0.318768000025956
11357,19.5083267248215702,0.313624874681402
11692,19.3969465648854962,0.982864304899374
10039,19.2613636363636364,0.491137940155233
10044,19.1603053435114504,1.10695324369281
10306,19.0155124653739612,0.282858980037687
11234,18.9458917835671343,0.256048323259239
11224,18.9315068493150685,0.46507086339513
10307,18.1509900990099010,0.582313654714658
11433,18.1042016806722689,0.393750300497811
10282,18.0949720670391061,1.3781041219376
10020,17.6077032810271041,0.470856631901635
10112,15.2684210526315789,0.693995220309327
